flow_id,pattern,offset,timestamp,context
192.168.110.10:1154-212.144.254.123:3128,HTTP,29,1757016315.1258442,2f2f69702e77656265726e65747a2e6e65742f20485454502f312e310d0a486f73743a2069702e7765626572
192.168.110.10:1154-212.144.254.123:3128,GET,0,1757016315.1258533,47455420687474703a2f2f69702e77656265726e65747a
192.168.110.10:1154-212.144.254.123:3128,HTTP,29,1757016315.126033,2f2f69702e77656265726e65747a2e6e65742f20485454502f312e310d0a486f73743a2069702e7765626572
192.168.110.10:1154-212.144.254.123:3128,GET,0,1757016315.1260355,47455420687474703a2f2f69702e77656265726e65747a
192.168.7.1:37185-239.255.255.250:1900,HTTP,11,1757016315.3372715,4d2d534541524348202a20485454502f312e310d0a484f53543a203233392e3235352e
192.168.7.1:37185-239.255.255.250:1900,HTTP,11,1757016315.3374977,4d2d534541524348202a20485454502f312e310d0a484f53543a203233392e3235352e
192.168.7.1:37185-239.255.255.250:1900,HTTP,11,1757016315.3376913,4d2d534541524348202a20485454502f312e310d0a484f53543a203233392e3235352e
192.168.7.1:37185-239.255.255.250:1900,HTTP,11,1757016315.3378685,4d2d534541524348202a20485454502f312e310d0a484f53543a203233392e3235352e
192.168.7.1:37185-239.255.255.250:1900,HTTP,11,1757016315.3380618,4d2d534541524348202a20485454502f312e310d0a484f53543a203233392e3235352e
192.168.7.1:45184-192.168.7.12:8080,HTTP,27,1757016315.3389099,4245202f41565472616e73706f72742f65767420485454502f312e310d0a484f53543a203139322e3136382e
192.168.7.1:51598-192.168.7.12:8080,HTTP,32,1757016315.3392458,656e646572696e67436f6e74726f6c2f65767420485454502f312e310d0a484f53543a203139322e3136382e
192.168.7.1:42521-192.168.7.12:8080,HTTP,33,1757016315.3395822,6e6e656374696f6e4d616e616765722f65767420485454502f312e310d0a484f53543a203139322e3136382e
192.168.7.12:8080-192.168.7.1:45184,HTTP,0,1757016315.3397477,485454502f312e3120323030204f4b0d0a434f4e54454e54
192.168.7.12:8080-192.168.7.1:51598,HTTP,0,1757016315.340083,485454502f312e3120323030204f4b0d0a434f4e54454e54
192.168.7.12:8080-192.168.7.1:42521,HTTP,0,1757016315.3404071,485454502f312e3120323030204f4b0d0a434f4e54454e54
192.168.7.12:5645-239.255.255.250:1900,HTTP,9,1757016315.3407462,4e4f54494659202a20485454502f312e310d0a484f53543a203233392e3235352e
192.168.7.12:5645-239.255.255.250:1900,HTTP,9,1757016315.3409111,4e4f54494659202a20485454502f312e310d0a484f53543a203233392e3235352e
192.168.7.12:5645-239.255.255.250:1900,HTTP,9,1757016315.3410883,4e4f54494659202a20485454502f312e310d0a484f53543a203233392e3235352e
192.168.7.12:5645-239.255.255.250:1900,HTTP,9,1757016315.3412533,4e4f54494659202a20485454502f312e310d0a484f53543a203233392e3235352e
192.168.7.12:5645-239.255.255.250:1900,HTTP,9,1757016315.3414316,4e4f54494659202a20485454502f312e310d0a484f53543a203233392e3235352e
192.168.7.12:5645-239.255.255.250:1900,HTTP,9,1757016315.341605,4e4f54494659202a20485454502f312e310d0a484f53543a203233392e3235352e
192.168.7.12:5645-239.255.255.250:1900,HTTP,9,1757016315.3417711,4e4f54494659202a20485454502f312e310d0a484f53543a203233392e3235352e
192.168.7.12:5645-239.255.255.250:1900,HTTP,9,1757016315.3419352,4e4f54494659202a20485454502f312e310d0a484f53543a203233392e3235352e
192.168.7.12:5645-239.255.255.250:1900,HTTP,9,1757016315.3421092,4e4f54494659202a20485454502f312e310d0a484f53543a203233392e3235352e
192.168.7.12:5645-239.255.255.250:1900,HTTP,9,1757016315.3422728,4e4f54494659202a20485454502f312e310d0a484f53543a203233392e3235352e
192.168.7.12:5645-239.255.255.250:1900,HTTP,9,1757016315.3424485,4e4f54494659202a20485454502f312e310d0a484f53543a203233392e3235352e
192.168.7.12:5645-239.255.255.250:1900,HTTP,9,1757016315.3426244,4e4f54494659202a20485454502f312e310d0a484f53543a203233392e3235352e
192.168.7.26:52347-239.255.255.250:1900,HTTP,11,1757016315.3460784,4d2d534541524348202a20485454502f312e310d0a484f53543a203233392e3235352e
192.168.7.26:52347-239.255.255.250:1900,HTTP,11,1757016315.3462603,4d2d534541524348202a20485454502f312e310d0a484f53543a203233392e3235352e
192.168.7.26:52347-239.255.255.250:1900,HTTP,11,1757016315.3464208,4d2d534541524348202a20485454502f312e310d0a484f53543a203233392e3235352e
192.168.7.26:52347-239.255.255.250:1900,HTTP,11,1757016315.347844,4d2d534541524348202a20485454502f312e310d0a484f53543a203233392e3235352e
192.168.7.26:52347-239.255.255.250:1900,HTTP,11,1757016315.3482215,4d2d534541524348202a20485454502f312e310d0a484f53543a203233392e3235352e
192.168.7.26:52347-239.255.255.250:1900,HTTP,11,1757016315.3486288,4d2d534541524348202a20485454502f312e310d0a484f53543a203233392e3235352e
192.168.7.1:49840-239.255.255.250:1900,HTTP,11,1757016315.3525796,4d2d534541524348202a20485454502f312e310d0a484f53543a203233392e3235352e
192.168.7.1:49840-239.255.255.250:1900,HTTP,11,1757016315.3527834,4d2d534541524348202a20485454502f312e310d0a484f53543a203233392e3235352e
192.168.7.1:49840-239.255.255.250:1900,HTTP,11,1757016315.3530037,4d2d534541524348202a20485454502f312e310d0a484f53543a203233392e3235352e
192.168.7.1:49840-239.255.255.250:1900,HTTP,11,1757016315.3532088,4d2d534541524348202a20485454502f312e310d0a484f53543a203233392e3235352e
192.168.7.1:49840-239.255.255.250:1900,HTTP,11,1757016315.3534234,4d2d534541524348202a20485454502f312e310d0a484f53543a203233392e3235352e
192.168.7.1:49840-239.255.255.250:1900,HTTP,11,1757016315.3536246,4d2d534541524348202a20485454502f312e310d0a484f53543a203233392e3235352e
192.168.7.1:49840-239.255.255.250:1900,HTTP,11,1757016315.353824,4d2d534541524348202a20485454502f312e310d0a484f53543a203233392e3235352e
192.168.7.12:3911-192.168.7.1:49840,HTTP,0,1757016315.3540442,485454502f312e3120323030204f4b0d0a43414348452d43
192.168.7.1:53625-192.168.7.12:8080,HTTP,35,1757016315.35531,6e6e656374696f6e4d616e616765722f65767420485454502f312e310d0a484f53543a203139322e3136382e
192.168.7.12:8080-192.168.7.1:53625,HTTP,0,1757016315.3554916,485454502f312e3120323030204f4b0d0a434f4e54454e54
192.168.7.1:44206-192.168.7.12:8080,HTTP,34,1757016315.3556736,656e646572696e67436f6e74726f6c2f65767420485454502f312e310d0a484f53543a203139322e3136382e
192.168.7.12:8080-192.168.7.1:44206,HTTP,0,1757016315.355862,485454502f312e3120323030204f4b0d0a434f4e54454e54
192.168.7.1:33840-192.168.7.12:8080,HTTP,29,1757016315.3560386,4245202f41565472616e73706f72742f65767420485454502f312e310d0a484f53543a203139322e3136382e
192.168.7.12:8080-192.168.7.1:33840,HTTP,0,1757016315.3570871,485454502f312e3120323030204f4b0d0a434f4e54454e54
192.168.7.1:37248-192.168.7.12:8080,HTTP,32,1757016315.3579328,656e646572696e67436f6e74726f6c2f65767420485454502f312e310d0a484f53543a203139322e3136382e
192.168.7.1:33328-192.168.7.12:8080,HTTP,27,1757016315.358111,4245202f41565472616e73706f72742f65767420485454502f312e310d0a484f53543a203139322e3136382e
192.168.7.12:8080-192.168.7.1:37248,HTTP,0,1757016315.3582733,485454502f312e3120323030204f4b0d0a434f4e54454e54
192.168.7.1:34978-192.168.7.12:8080,HTTP,33,1757016315.3584461,6e6e656374696f6e4d616e616765722f65767420485454502f312e310d0a484f53543a203139322e3136382e
192.168.7.12:1226-192.168.7.1:51108,HTTP,9,1757016315.3589532,4e4f54494659202f20485454502f312e310d0a484f53543a203139322e3136382e
192.168.7.12:8080-192.168.7.1:34978,HTTP,0,1757016315.3591168,485454502f312e3120323030204f4b0d0a434f4e54454e54
192.168.7.12:8080-192.168.7.1:33328,HTTP,0,1757016315.3592942,485454502f312e3120323030204f4b0d0a434f4e54454e54
192.168.7.12:1227-192.168.7.1:51108,HTTP,9,1757016315.3607514,4e4f54494659202f20485454502f312e310d0a484f53543a203139322e3136382e
192.168.7.12:1228-192.168.7.1:51108,HTTP,9,1757016315.363,4e4f54494659202f20485454502f312e310d0a484f53543a203139322e3136382e
192.168.7.1:49840-239.255.255.250:1900,HTTP,11,1757016315.3636105,4d2d534541524348202a20485454502f312e310d0a484f53543a203233392e3235352e
192.168.7.1:49840-239.255.255.250:1900,HTTP,11,1757016315.3638027,4d2d534541524348202a20485454502f312e310d0a484f53543a203233392e3235352e
192.168.7.1:49840-239.255.255.250:1900,HTTP,11,1757016315.3640068,4d2d534541524348202a20485454502f312e310d0a484f53543a203233392e3235352e
192.168.7.1:49840-239.255.255.250:1900,HTTP,11,1757016315.364218,4d2d534541524348202a20485454502f312e310d0a484f53543a203233392e3235352e
192.168.7.1:49840-239.255.255.250:1900,HTTP,11,1757016315.3644283,4d2d534541524348202a20485454502f312e310d0a484f53543a203233392e3235352e
192.168.7.1:49840-239.255.255.250:1900,HTTP,11,1757016315.3646448,4d2d534541524348202a20485454502f312e310d0a484f53543a203233392e3235352e
192.168.7.1:49840-239.255.255.250:1900,HTTP,11,1757016315.3648703,4d2d534541524348202a20485454502f312e310d0a484f53543a203233392e3235352e
192.168.7.12:3911-192.168.7.1:49840,HTTP,0,1757016315.3651114,485454502f312e3120323030204f4b0d0a43414348452d43
192.168.7.1:49840-239.255.255.250:1900,HTTP,11,1757016315.365544,4d2d534541524348202a20485454502f312e310d0a484f53543a203233392e3235352e
192.168.7.1:49840-239.255.255.250:1900,HTTP,11,1757016315.365787,4d2d534541524348202a20485454502f312e310d0a484f53543a203233392e3235352e
192.168.7.1:49840-239.255.255.250:1900,HTTP,11,1757016315.3659759,4d2d534541524348202a20485454502f312e310d0a484f53543a203233392e3235352e
192.168.7.1:49840-239.255.255.250:1900,HTTP,11,1757016315.3661637,4d2d534541524348202a20485454502f312e310d0a484f53543a203233392e3235352e
192.168.7.1:49840-239.255.255.250:1900,HTTP,11,1757016315.3663714,4d2d534541524348202a20485454502f312e310d0a484f53543a203233392e3235352e
192.168.7.1:49840-239.255.255.250:1900,HTTP,11,1757016315.3665802,4d2d534541524348202a20485454502f312e310d0a484f53543a203233392e3235352e
192.168.7.1:49840-239.255.255.250:1900,HTTP,11,1757016315.3667712,4d2d534541524348202a20485454502f312e310d0a484f53543a203233392e3235352e
192.168.7.12:3911-192.168.7.1:49840,HTTP,0,1757016315.3669524,485454502f312e3120323030204f4b0d0a43414348452d43
192.168.7.1:49840-239.255.255.250:1900,HTTP,11,1757016315.3673368,4d2d534541524348202a20485454502f312e310d0a484f53543a203233392e3235352e
192.168.7.1:49840-239.255.255.250:1900,HTTP,11,1757016315.367568,4d2d534541524348202a20485454502f312e310d0a484f53543a203233392e3235352e
192.168.7.1:49840-239.255.255.250:1900,HTTP,11,1757016315.3678253,4d2d534541524348202a20485454502f312e310d0a484f53543a203233392e3235352e
192.168.7.1:49840-239.255.255.250:1900,HTTP,11,1757016315.368083,4d2d534541524348202a20485454502f312e310d0a484f53543a203233392e3235352e
192.168.7.1:49840-239.255.255.250:1900,HTTP,11,1757016315.368358,4d2d534541524348202a20485454502f312e310d0a484f53543a203233392e3235352e
192.168.7.1:49840-239.255.255.250:1900,HTTP,11,1757016315.368615,4d2d534541524348202a20485454502f312e310d0a484f53543a203233392e3235352e
192.168.7.1:49840-239.255.255.250:1900,HTTP,11,1757016315.368867,4d2d534541524348202a20485454502f312e310d0a484f53543a203233392e3235352e
192.168.7.12:3911-192.168.7.1:49840,HTTP,0,1757016315.3700264,485454502f312e3120323030204f4b0d0a43414348452d43
192.168.7.1:49840-239.255.255.250:1900,HTTP,11,1757016315.3706527,4d2d534541524348202a20485454502f312e310d0a484f53543a203233392e3235352e
192.168.7.1:49840-239.255.255.250:1900,HTTP,11,1757016315.3708694,4d2d534541524348202a20485454502f312e310d0a484f53543a203233392e3235352e
192.168.7.1:49840-239.255.255.250:1900,HTTP,11,1757016315.3710551,4d2d534541524348202a20485454502f312e310d0a484f53543a203233392e3235352e
192.168.7.1:49840-239.255.255.250:1900,HTTP,11,1757016315.3712401,4d2d534541524348202a20485454502f312e310d0a484f53543a203233392e3235352e
192.168.7.1:49840-239.255.255.250:1900,HTTP,11,1757016315.371443,4d2d534541524348202a20485454502f312e310d0a484f53543a203233392e3235352e
192.168.7.1:49840-239.255.255.250:1900,HTTP,11,1757016315.371614,4d2d534541524348202a20485454502f312e310d0a484f53543a203233392e3235352e
192.168.7.1:49840-239.255.255.250:1900,HTTP,11,1757016315.3717945,4d2d534541524348202a20485454502f312e310d0a484f53543a203233392e3235352e
192.168.7.12:3911-192.168.7.1:49840,HTTP,0,1757016315.3719814,485454502f312e3120323030204f4b0d0a43414348452d43
192.168.7.1:37185-239.255.255.250:1900,HTTP,11,1757016315.3721526,4d2d534541524348202a20485454502f312e310d0a484f53543a203233392e3235352e
192.168.7.1:37185-239.255.255.250:1900,HTTP,11,1757016315.3725061,4d2d534541524348202a20485454502f312e310d0a484f53543a203233392e3235352e
192.168.7.1:37185-239.255.255.250:1900,HTTP,11,1757016315.3726795,4d2d534541524348202a20485454502f312e310d0a484f53543a203233392e3235352e
192.168.7.1:37185-239.255.255.250:1900,HTTP,11,1757016315.3728607,4d2d534541524348202a20485454502f312e310d0a484f53543a203233392e3235352e
192.168.7.26:57789-192.168.7.12:1030,POST,0,1757016315.3754365,504f5354202f617574682d736574757020525453502f312e
192.168.7.12:1229-192.168.7.1:51108,HTTP,9,1757016315.3768077,4e4f54494659202f20485454502f312e310d0a484f53543a203139322e3136382e
192.168.7.1:37185-239.255.255.250:1900,HTTP,11,1757016315.3777251,4d2d534541524348202a20485454502f312e310d0a484f53543a203233392e3235352e
192.168.7.12:1230-192.168.7.26:57221,HTTP,47,1757016315.3809903,3f646d63702e6465766963652d627573793d3020485454502f312e310d0a486f73743a204a6f68616e6e6573
192.168.7.12:1230-192.168.7.26:57221,GET,0,1757016315.3809958,474554202f6374726c2d696e742f312f73657470726f70
192.168.7.26:57221-192.168.7.12:1230,HTTP,0,1757016315.3814328,485454502f312e3120343030204261642052657175657374
192.168.7.12:1231-192.168.7.26:57221,HTTP,58,1757016315.3922403,652d766f6c756d653d2d31372e38373530303020485454502f312e310d0a486f73743a204a6f68616e6e6573
192.168.7.12:1231-192.168.7.26:57221,GET,0,1757016315.3922446,474554202f6374726c2d696e742f312f73657470726f70
192.168.7.26:57221-192.168.7.12:1231,HTTP,0,1757016316.1808681,485454502f312e3120323030204f4b0d0a446174653a2053
192.168.7.12:1030-192.168.7.26:57789,GET,119,1757016316.1827037,45545f504152414d455445522c20504f53542c204745540d0a5365727665723a2041697254756e65732f31
192.168.7.12:1030-192.168.7.26:57789,GET,83,1757016316.1827075,2054454152444f574e2c204f5054494f4e532c204745545f504152414d455445522c205345545f50415241
192.168.7.12:1030-192.168.7.26:57789,POST,113,1757016316.1827085,5445522c205345545f504152414d455445522c20504f53542c204745540d0a5365727665723a204169725475
192.168.7.12:1030-192.168.7.26:57789,GET,119,1757016316.1834655,45545f504152414d455445522c20504f53542c204745540d0a5365727665723a2041697254756e65732f31
192.168.7.12:1030-192.168.7.26:57789,GET,83,1757016316.1834679,2054454152444f574e2c204f5054494f4e532c204745545f504152414d455445522c205345545f50415241
192.168.7.12:1030-192.168.7.26:57789,POST,113,1757016316.1834686,5445522c205345545f504152414d455445522c20504f53542c204745540d0a5365727665723a204169725475
192.168.7.12:1030-192.168.7.26:57789,GET,119,1757016316.1845615,45545f504152414d455445522c20504f53542c204745540d0a5365727665723a2041697254756e65732f31
192.168.7.12:1030-192.168.7.26:57789,GET,83,1757016316.1845636,2054454152444f574e2c204f5054494f4e532c204745545f504152414d455445522c205345545f50415241
192.168.7.12:1030-192.168.7.26:57789,POST,113,1757016316.1845646,5445522c205345545f504152414d455445522c20504f53542c204745540d0a5365727665723a204169725475
192.168.7.12:1030-192.168.7.26:57789,GET,83,1757016316.189277,2054454152444f574e2c204f5054494f4e532c204745545f504152414d455445522c205345545f50415241
192.168.7.12:1030-192.168.7.26:57789,GET,119,1757016316.189281,45545f504152414d455445522c20504f53542c204745540d0a5365727665723a2041697254756e65732f31
192.168.7.12:1030-192.168.7.26:57789,POST,113,1757016316.189282,5445522c205345545f504152414d455445522c20504f53542c204745540d0a5365727665723a204169725475
192.168.7.12:1030-192.168.7.26:57789,GET,119,1757016316.1915607,45545f504152414d455445522c20504f53542c204745540d0a5365727665723a2041697254756e65732f31
192.168.7.12:1030-192.168.7.26:57789,GET,83,1757016316.191563,2054454152444f574e2c204f5054494f4e532c204745545f504152414d455445522c205345545f50415241
192.168.7.12:1030-192.168.7.26:57789,POST,113,1757016316.191564,5445522c205345545f504152414d455445522c20504f53542c204745540d0a5365727665723a204169725475
192.168.7.12:1030-192.168.7.26:57789,GET,119,1757016316.1929548,45545f504152414d455445522c20504f53542c204745540d0a5365727665723a2041697254756e65732f31
192.168.7.12:1030-192.168.7.26:57789,GET,83,1757016316.192957,2054454152444f574e2c204f5054494f4e532c204745545f504152414d455445522c205345545f50415241
192.168.7.12:1030-192.168.7.26:57789,POST,113,1757016316.1929576,5445522c205345545f504152414d455445522c20504f53542c204745540d0a5365727665723a204169725475
192.168.7.12:1030-192.168.7.26:57789,GET,83,1757016316.1944506,2054454152444f574e2c204f5054494f4e532c204745545f504152414d455445522c205345545f50415241
192.168.7.12:1030-192.168.7.26:57789,GET,119,1757016316.1944547,45545f504152414d455445522c20504f53542c204745540d0a5365727665723a2041697254756e65732f31
192.168.7.12:1030-192.168.7.26:57789,POST,113,1757016316.194456,5445522c205345545f504152414d455445522c20504f53542c204745540d0a5365727665723a204169725475
192.168.7.12:1030-192.168.7.26:57789,GET,83,1757016316.1993084,2054454152444f574e2c204f5054494f4e532c204745545f504152414d455445522c205345545f50415241
192.168.7.12:1030-192.168.7.26:57789,GET,119,1757016316.199312,45545f504152414d455445522c20504f53542c204745540d0a5365727665723a2041697254756e65732f31
192.168.7.12:1030-192.168.7.26:57789,POST,113,1757016316.1993132,5445522c205345545f504152414d455445522c20504f53542c204745540d0a5365727665723a204169725475
192.168.7.12:1030-192.168.7.26:57789,GET,119,1757016316.2041693,45545f504152414d455445522c20504f53542c204745540d0a5365727665723a2041697254756e65732f31
192.168.7.12:1030-192.168.7.26:57789,GET,83,1757016316.2041743,2054454152444f574e2c204f5054494f4e532c204745545f504152414d455445522c205345545f50415241
192.168.7.12:1030-192.168.7.26:57789,POST,113,1757016316.2041757,5445522c205345545f504152414d455445522c20504f53542c204745540d0a5365727665723a204169725475
192.168.7.12:1030-192.168.7.26:57789,GET,119,1757016316.207991,45545f504152414d455445522c20504f53542c204745540d0a5365727665723a2041697254756e65732f31
192.168.7.12:1030-192.168.7.26:57789,GET,83,1757016316.2079933,2054454152444f574e2c204f5054494f4e532c204745545f504152414d455445522c205345545f50415241
192.168.7.12:1030-192.168.7.26:57789,POST,113,1757016316.2079945,5445522c205345545f504152414d455445522c20504f53542c204745540d0a5365727665723a204169725475
192.168.7.12:1030-192.168.7.26:57789,GET,119,1757016316.212217,45545f504152414d455445522c20504f53542c204745540d0a5365727665723a2041697254756e65732f31
192.168.7.12:1030-192.168.7.26:57789,GET,83,1757016316.2122204,2054454152444f574e2c204f5054494f4e532c204745545f504152414d455445522c205345545f50415241
192.168.7.12:1030-192.168.7.26:57789,POST,113,1757016316.212222,5445522c205345545f504152414d455445522c20504f53542c204745540d0a5365727665723a204169725475
192.168.7.12:1030-192.168.7.26:57789,GET,83,1757016316.216419,2054454152444f574e2c204f5054494f4e532c204745545f504152414d455445522c205345545f50415241
192.168.7.12:1030-192.168.7.26:57789,GET,119,1757016316.2164226,45545f504152414d455445522c20504f53542c204745540d0a5365727665723a2041697254756e65732f31
192.168.7.12:1030-192.168.7.26:57789,POST,113,1757016316.2164237,5445522c205345545f504152414d455445522c20504f53542c204745540d0a5365727665723a204169725475
192.168.7.1:37185-239.255.255.250:1900,HTTP,11,1757016316.2171583,4d2d534541524348202a20485454502f312e310d0a484f53543a203233392e3235352e
192.168.7.1:37185-239.255.255.250:1900,HTTP,11,1757016316.2206297,4d2d534541524348202a20485454502f312e310d0a484f53543a203233392e3235352e
192.168.7.12:1030-192.168.7.26:57789,GET,83,1757016316.2218618,2054454152444f574e2c204f5054494f4e532c204745545f504152414d455445522c205345545f50415241
192.168.7.12:1030-192.168.7.26:57789,GET,119,1757016316.2218654,45545f504152414d455445522c20504f53542c204745540d0a5365727665723a2041697254756e65732f31
192.168.7.12:1030-192.168.7.26:57789,POST,113,1757016316.2218666,5445522c205345545f504152414d455445522c20504f53542c204745540d0a5365727665723a204169725475
192.168.7.1:33496-192.168.7.12:8080,HTTP,32,1757016316.2246404,656e646572696e67436f6e74726f6c2f65767420485454502f312e310d0a484f53543a203139322e3136382e
192.168.7.12:8080-192.168.7.1:33496,HTTP,0,1757016316.2251537,485454502f312e3120323030204f4b0d0a434f4e54454e54
192.168.7.1:46070-192.168.7.12:8080,HTTP,33,1757016316.2256954,6e6e656374696f6e4d616e616765722f65767420485454502f312e310d0a484f53543a203139322e3136382e
192.168.7.1:40743-192.168.7.12:8080,HTTP,27,1757016316.2260435,4245202f41565472616e73706f72742f65767420485454502f312e310d0a484f53543a203139322e3136382e
192.168.7.12:8080-192.168.7.1:46070,HTTP,0,1757016316.2262132,485454502f312e3120323030204f4b0d0a434f4e54454e54
192.168.7.12:8080-192.168.7.1:40743,HTTP,0,1757016316.226575,485454502f312e3120323030204f4b0d0a434f4e54454e54
192.168.7.12:1030-192.168.7.26:57789,GET,119,1757016316.227597,45545f504152414d455445522c20504f53542c204745540d0a5365727665723a2041697254756e65732f31
192.168.7.12:1030-192.168.7.26:57789,GET,83,1757016316.2275996,2054454152444f574e2c204f5054494f4e532c204745545f504152414d455445522c205345545f50415241
192.168.7.12:1030-192.168.7.26:57789,POST,113,1757016316.2276006,5445522c205345545f504152414d455445522c20504f53542c204745540d0a5365727665723a204169725475
192.168.7.1:37185-239.255.255.250:1900,HTTP,11,1757016316.2278259,4d2d534541524348202a20485454502f312e310d0a484f53543a203233392e3235352e
192.168.7.12:1030-192.168.7.26:57789,GET,119,1757016316.230435,45545f504152414d455445522c20504f53542c204745540d0a5365727665723a2041697254756e65732f31
192.168.7.12:1030-192.168.7.26:57789,GET,83,1757016316.230439,2054454152444f574e2c204f5054494f4e532c204745545f504152414d455445522c205345545f50415241
192.168.7.12:1030-192.168.7.26:57789,POST,113,1757016316.23044,5445522c205345545f504152414d455445522c20504f53542c204745540d0a5365727665723a204169725475
192.168.7.1:37185-239.255.255.250:1900,HTTP,11,1757016316.2324796,4d2d534541524348202a20485454502f312e310d0a484f53543a203233392e3235352e
192.168.7.12:1030-192.168.7.26:57789,GET,83,1757016316.2330368,2054454152444f574e2c204f5054494f4e532c204745545f504152414d455445522c205345545f50415241
192.168.7.12:1030-192.168.7.26:57789,GET,119,1757016316.2330396,45545f504152414d455445522c20504f53542c204745540d0a5365727665723a2041697254756e65732f31
192.168.7.12:1030-192.168.7.26:57789,POST,113,1757016316.2330403,5445522c205345545f504152414d455445522c20504f53542c204745540d0a5365727665723a204169725475
192.168.7.12:1030-192.168.7.26:57789,GET,83,1757016316.2341394,2054454152444f574e2c204f5054494f4e532c204745545f504152414d455445522c205345545f50415241
192.168.7.12:1030-192.168.7.26:57789,GET,119,1757016316.234141,45545f504152414d455445522c20504f53542c204745540d0a5365727665723a2041697254756e65732f31
192.168.7.12:1030-192.168.7.26:57789,POST,113,1757016316.2341497,5445522c205345545f504152414d455445522c20504f53542c204745540d0a5365727665723a204169725475
192.168.7.1:37185-239.255.255.250:1900,HTTP,11,1757016316.2362611,4d2d534541524348202a20485454502f312e310d0a484f53543a203233392e3235352e
192.168.7.12:1030-192.168.7.26:57789,GET,83,1757016316.2368507,2054454152444f574e2c204f5054494f4e532c204745545f504152414d455445522c205345545f50415241
192.168.7.12:1030-192.168.7.26:57789,GET,119,1757016316.2368538,45545f504152414d455445522c20504f53542c204745540d0a5365727665723a2041697254756e65732f31
192.168.7.12:1030-192.168.7.26:57789,POST,113,1757016316.2368548,5445522c205345545f504152414d455445522c20504f53542c204745540d0a5365727665723a204169725475
192.168.7.12:1030-192.168.7.26:57789,GET,119,1757016316.2385447,45545f504152414d455445522c20504f53542c204745540d0a5365727665723a2041697254756e65732f31
192.168.7.12:1030-192.168.7.26:57789,GET,83,1757016316.238547,2054454152444f574e2c204f5054494f4e532c204745545f504152414d455445522c205345545f50415241
192.168.7.12:1030-192.168.7.26:57789,POST,113,1757016316.2385483,5445522c205345545f504152414d455445522c20504f53542c204745540d0a5365727665723a204169725475
192.168.7.12:1030-192.168.7.26:57789,GET,83,1757016316.240174,2054454152444f574e2c204f5054494f4e532c204745545f504152414d455445522c205345545f50415241
192.168.7.12:1030-192.168.7.26:57789,GET,119,1757016316.2401764,45545f504152414d455445522c20504f53542c204745540d0a5365727665723a2041697254756e65732f31
192.168.7.12:1030-192.168.7.26:57789,POST,113,1757016316.2401772,5445522c205345545f504152414d455445522c20504f53542c204745540d0a5365727665723a204169725475
193.24.227.12:80-216.66.80.30:55031,HTTP,0,1757016316.2683332,485454502f312e3120323030204f4b0d0a446174653a2054
193.24.227.12:80-216.66.80.30:60076,HTTP,0,1757016316.2696345,485454502f312e3120323030204f4b0d0a446174653a2054
193.24.227.12:80-216.66.80.30:55032,HTTP,0,1757016316.2731142,485454502f312e3120323030204f4b0d0a446174653a2054
193.24.227.12:80-216.66.80.30:55033,HTTP,0,1757016316.2748597,485454502f312e3120323030204f4b0d0a446174653a2054
84.146.135.221:7078-217.0.5.215:5690,GET,160,1757016316.473348,93f96d1a02001b7beb988498eaf67c6765775a5d474554f1e89399989e91eff2
84.146.135.221:7078-217.0.5.215:15020,GET,32,1757016317.3088832,93f96d1a02001b7beb988498eaf67c6765775a5d474554f1e89399989e91eff2c4dccffae6ede2e0e2e7f8
193.24.227.230:39638-162.213.33.9:11371,HTTP,60,1757016317.8539329,3d30784637423239313139423544374638343820485454502f312e300d0a486f73743a206b65797365727665
193.24.227.230:39638-162.213.33.9:11371,GET,0,1757016317.8539379,474554202f706b732f6c6f6f6b75703f6f703d67657426
162.213.33.9:11371-193.24.227.230:39638,HTTP,0,1757016317.8543735,485454502f312e3120323030204f4b0d0a446174653a2057
194.247.5.7:57556-85.25.246.38:8080,HTTP,26,1757016318.287189,54207765626572626c6f672e6e65743a34343320485454502f312e310d0a486f73743a207765626572626c6f
194.247.5.7:57529-85.25.246.38:8080,HTTP,24,1757016318.3120978,687474703a2f2f6e65747365632e626c6f672f20485454502f312e310d0a486f73743a206e65747365632e62
194.247.5.7:57529-85.25.246.38:8080,GET,0,1757016318.3121042,47455420687474703a2f2f6e65747365632e626c6f672f
194.247.5.1:3292-194.247.5.6:514,HTTP,517,1757016318.3601184,6170703d22576562204d616e6167656d656e742848545450532922206475726174696f6e3d362073656e7462
194.247.5.1:3292-194.247.5.6:514,HTTP,427,1757016318.3601227,696e2d706f6c6963792220736572766963653d2248545450532d383434332220647374636f756e7472793d22
194.247.5.1:3292-194.247.5.6:514,HTTP,1121,1757016318.3601239,6170703d22576562204d616e6167656d656e742848545450532922206475726174696f6e3d362073656e7462
194.247.5.1:3292-194.247.5.6:514,HTTP,1031,1757016318.3601248,696e2d706f6c6963792220736572766963653d2248545450532d383434332220647374636f756e7472793d22
194.247.5.1:3293-194.247.5.6:514,HTTP,427,1757016318.360319,696e2d706f6c6963792220736572766963653d2248545450532d383434332220647374636f756e7472793d22
194.247.5.1:3293-194.247.5.6:514,HTTP,517,1757016318.3603206,6170703d22576562204d616e6167656d656e742848545450532922206475726174696f6e3d362073656e7462
194.247.5.1:3293-194.247.5.6:514,HTTP,1119,1757016318.3603213,6170703d22576562204d616e6167656d656e742848545450532922206475726174696f6e3d362073656e7462
194.247.5.1:3293-194.247.5.6:514,HTTP,1029,1757016318.3603218,696e2d706f6c6963792220736572766963653d2248545450532d383434332220647374636f756e7472793d22
194.247.5.1:3292-194.247.5.6:514,HTTP,427,1757016318.3604908,696e2d706f6c6963792220736572766963653d2248545450532d383434332220647374636f756e7472793d22
194.247.5.1:3292-194.247.5.6:514,HTTP,517,1757016318.3604925,6170703d22576562204d616e6167656d656e742848545450532922206475726174696f6e3d362073656e7462
194.247.5.1:3292-194.247.5.6:514,HTTP,1111,1757016318.3622825,72616e646973703d226e6f6f7022206170703d22485454502d3830383022206475726174696f6e3d35207365
194.247.5.1:3292-194.247.5.6:514,HTTP,1079,1757016318.3622875,706f6c69637969643d3020736572766963653d22485454502d3830383022207472616e646973703d226e6f6f
194.247.5.1:3292-194.247.5.6:514,HTTP,427,1757016318.3628652,696e2d706f6c6963792220736572766963653d2248545450532d383434332220647374636f756e7472793d22
194.247.5.1:3292-194.247.5.6:514,HTTP,517,1757016318.3628683,6170703d22576562204d616e6167656d656e742848545450532922206475726174696f6e3d31302073656e74
194.247.5.1:3293-194.247.5.6:514,HTTP,543,1757016318.3636608,70222061707069643d3430353638206170703d2248545450532e42524f5753455222206170706361743d2257
194.247.5.1:3293-194.247.5.6:514,HTTP,461,1757016318.3636634,6564383265636332652220736572766963653d2248545450532220647374636f756e7472793d224765726d61
194.247.5.1:3292-194.247.5.6:514,HTTP,426,1757016318.3639143,696e2d706f6c6963792220736572766963653d22485454502220647374636f756e7472793d224765726d616e
194.247.5.1:3292-194.247.5.6:514,HTTP,493,1757016318.363916,72616e646973703d226e6f6f7022206170703d224854545022206475726174696f6e3d312073656e74627974
194.247.5.1:3293-194.247.5.6:514,HTTP,463,1757016318.3641436,6264376265363666622220736572766963653d22485454502220647374636f756e7472793d224765726d616e
194.247.5.1:3293-194.247.5.6:514,HTTP,543,1757016318.364146,70222061707069643d3334303530206170703d22485454502e42524f575345525f46697265666f7822206170
194.247.5.1:3293-194.247.5.6:514,HTTP,544,1757016318.3645456,70222061707069643d3334303530206170703d22485454502e42524f575345525f46697265666f7822206170
194.247.5.1:3293-194.247.5.6:514,HTTP,464,1757016318.3645473,6264376265363666622220736572766963653d22485454502220647374636f756e7472793d224765726d616e
194.247.5.1:3292-194.247.5.6:514,HTTP,431,1757016318.365015,696e2d706f6c6963792220736572766963653d22485454502220647374636f756e7472793d224765726d616e
194.247.5.1:3292-194.247.5.6:514,HTTP,498,1757016318.3650165,72616e646973703d226e6f6f7022206170703d224854545022206475726174696f6e3d352073656e74627974
194.247.5.1:3295-194.247.5.6:514,HTTP,432,1757016318.3667064,696e2d706f6c6963792220736572766963653d2248545450532d383434332220647374636f756e7472793d22
194.247.5.1:3295-194.247.5.6:514,HTTP,522,1757016318.3667088,6170703d22576562204d616e6167656d656e742848545450532922206475726174696f6e3d31302073656e74
194.247.5.1:3295-194.247.5.6:514,HTTP,1115,1757016318.3667097,6170703d22576562204d616e6167656d656e742848545450532922206475726174696f6e3d362073656e7462
194.247.5.1:3295-194.247.5.6:514,HTTP,1025,1757016318.3667102,696e2d706f6c6963792220736572766963653d2248545450532d383434332220647374636f756e7472793d22
194.247.5.1:3296-194.247.5.6:514,HTTP,602,1757016318.3675742,2f22206d73673d225765622e436c69656e743a20485454502e42524f575345525f46697265666f782c222061
194.247.5.1:3296-194.247.5.6:514,HTTP,384,1757016318.3675761,6e222070726f746f3d3620736572766963653d22485454502220646972656374696f6e3d226f7574676f696e
194.247.5.1:3296-194.247.5.6:514,HTTP,499,1757016318.3675766,743d225765622e436c69656e7422206170703d22485454502e42524f575345525f46697265666f782220686f
194.247.5.1:3296-194.247.5.6:514,HTTP,599,1757016318.3678057,2f22206d73673d225765622e436c69656e743a2048545450532e42524f575345522c22206170707269736b3d
194.247.5.1:3296-194.247.5.6:514,HTTP,497,1757016318.367807,743d225765622e436c69656e7422206170703d2248545450532e42524f575345522220686f73746e616d653d
194.247.5.1:3295-194.247.5.6:514,HTTP,1289,1757016318.3680336,2f22206d73673d225765622e436c69656e743a2048545450532e42524f575345522c22206170707269736b3d
194.247.5.1:3295-194.247.5.6:514,HTTP,1187,1757016318.3680353,743d225765622e436c69656e7422206170703d2248545450532e42524f575345522220686f73746e616d653d
194.247.5.1:3295-194.247.5.6:514,HTTP,1325,1757016318.3690841,743d225765622e436c69656e7422206170703d22485454502e42524f575345525f46697265666f782220686f
194.247.5.1:3295-194.247.5.6:514,HTTP,1428,1757016318.3690863,2f22206d73673d225765622e436c69656e743a20485454502e42524f575345525f46697265666f782c222061
194.247.5.1:3295-194.247.5.6:514,HTTP,1210,1757016318.3690867,6e222070726f746f3d3620736572766963653d22485454502220646972656374696f6e3d226f7574676f696e
194.247.5.1:3295-194.247.5.6:514,HTTP,1084,1757016318.3695066,6264376265363666622220736572766963653d22485454502220647374636f756e7472793d224765726d616e
194.247.5.1:3295-194.247.5.6:514,HTTP,1164,1757016318.3695083,70222061707069643d3334303530206170703d22485454502e42524f575345525f46697265666f7822206170
194.247.5.1:3296-194.247.5.6:514,HTTP,1135,1757016318.369938,6170703d22576562204d616e6167656d656e742848545450532922206475726174696f6e3d31302073656e74
194.247.5.1:3296-194.247.5.6:514,HTTP,1045,1757016318.3699403,696e2d706f6c6963792220736572766963653d2248545450532d383434332220647374636f756e7472793d22
194.247.5.1:3295-194.247.5.6:514,HTTP,439,1757016318.3701622,6e222070726f746f3d3620736572766963653d22485454502220646972656374696f6e3d226f7574676f696e
194.247.5.1:3295-194.247.5.6:514,HTTP,655,1757016318.370164,2f22206d73673d225765622e436c69656e743a20485454502e42524f575345525f46697265666f782c222061
194.247.5.1:3295-194.247.5.6:514,HTTP,552,1757016318.3701644,743d225765622e436c69656e7422206170703d22485454502e42524f575345525f46697265666f782220686f
194.247.5.1:3296-194.247.5.6:514,HTTP,383,1757016318.370374,6e222070726f746f3d3620736572766963653d22485454502220646972656374696f6e3d226f7574676f696e
194.247.5.1:3296-194.247.5.6:514,HTTP,600,1757016318.3703752,2f22206d73673d225765622e436c69656e743a20485454502e42524f575345525f46697265666f782c222061
194.247.5.1:3296-194.247.5.6:514,HTTP,498,1757016318.3703756,743d225765622e436c69656e7422206170703d22485454502e42524f575345525f46697265666f782220686f
194.247.5.1:3296-194.247.5.6:514,HTTP,1156,1757016318.3703763,6531376432333537382220736572766963653d22485454502220647374636f756e7472793d224765726d616e
194.247.5.1:3296-194.247.5.6:514,HTTP,1236,1757016318.3703773,70222061707069643d3334303530206170703d22485454502e42524f575345525f46697265666f7822206170
194.247.5.1:3296-194.247.5.6:514,HTTP,382,1757016318.3708358,6e222070726f746f3d3620736572766963653d22485454502220646972656374696f6e3d226f7574676f696e
194.247.5.1:3296-194.247.5.6:514,HTTP,599,1757016318.3708377,2f22206d73673d225765622e436c69656e743a20485454502e42524f575345525f46697265666f782c222061
194.247.5.1:3296-194.247.5.6:514,HTTP,497,1757016318.3708386,743d225765622e436c69656e7422206170703d22485454502e42524f575345525f46697265666f782220686f
194.247.5.1:3296-194.247.5.6:514,HTTP,460,1757016318.3710651,6564383265636332652220736572766963653d2248545450532220647374636f756e7472793d224765726d61
194.247.5.1:3296-194.247.5.6:514,HTTP,542,1757016318.3710666,70222061707069643d3430353638206170703d2248545450532e42524f5753455222206170706361743d2257
194.247.5.1:3295-194.247.5.6:514,HTTP,1353,1757016318.3712635,70222061707069643d3430353638206170703d2248545450532e42524f5753455222206170706361743d2257
194.247.5.1:3295-194.247.5.6:514,HTTP,1271,1757016318.3712645,6564383265636332652220736572766963653d2248545450532220647374636f756e7472793d224765726d61
194.247.5.1:3295-194.247.5.6:514,HTTP,540,1757016318.3723812,70222061707069643d3334303530206170703d22485454502e42524f575345525f46697265666f7822206170
194.247.5.1:3295-194.247.5.6:514,HTTP,460,1757016318.372384,6264376265363666622220736572766963653d22485454502220647374636f756e7472793d224765726d616e
194.247.5.1:3295-194.247.5.6:514,HTTP,522,1757016318.373386,6170703d22576562204d616e6167656d656e742848545450532922206475726174696f6e3d31302073656e74
194.247.5.1:3295-194.247.5.6:514,HTTP,432,1757016318.3733883,696e2d706f6c6963792220736572766963653d2248545450532d383434332220647374636f756e7472793d22
194.247.5.1:3296-194.247.5.6:514,HTTP,600,1757016318.3737206,2f22206d73673d225765622e436c69656e743a2048545450532e42524f575345522c22206170707269736b3d
194.247.5.1:3296-194.247.5.6:514,HTTP,498,1757016318.3737226,743d225765622e436c69656e7422206170703d2248545450532e42524f575345522220686f73746e616d653d
194.247.5.1:3298-194.247.5.6:514,HTTP,1302,1757016318.3747513,6170703d22576562204d616e6167656d656e742848545450532922206475726174696f6e3d362073656e7462
194.247.5.1:3298-194.247.5.6:514,HTTP,463,1757016318.3747532,6564383265636332652220736572766963653d22485454502220647374636f756e7472793d224765726d616e
194.247.5.1:3298-194.247.5.6:514,HTTP,1212,1757016318.3747542,696e2d706f6c6963792220736572766963653d2248545450532d383434332220647374636f756e7472793d22
194.247.5.1:3298-194.247.5.6:514,HTTP,517,1757016318.375092,6170703d22576562204d616e6167656d656e742848545450532922206475726174696f6e3d362073656e7462
194.247.5.1:3298-194.247.5.6:514,HTTP,427,1757016318.3750935,696e2d706f6c6963792220736572766963653d2248545450532d383434332220647374636f756e7472793d22
194.247.5.1:3298-194.247.5.6:514,HTTP,1119,1757016318.3750944,6170703d22576562204d616e6167656d656e742848545450532922206475726174696f6e3d362073656e7462
194.247.5.1:3298-194.247.5.6:514,HTTP,1029,1757016318.3750954,696e2d706f6c6963792220736572766963653d2248545450532d383434332220647374636f756e7472793d22
194.247.5.1:3298-194.247.5.6:514,HTTP,423,1757016318.3757596,72616e646973703d226e6f6f7022206170703d22485454502d3830383022206475726174696f6e3d35207365
194.247.5.1:3298-194.247.5.6:514,HTTP,391,1757016318.3757615,706f6c69637969643d3020736572766963653d22485454502d3830383022207472616e646973703d226e6f6f
194.247.5.1:3298-194.247.5.6:514,HTTP,543,1757016318.3760955,70222061707069643d3430353638206170703d2248545450532e42524f5753455222206170706361743d2257
194.247.5.1:3298-194.247.5.6:514,HTTP,461,1757016318.3760972,6564383265636332652220736572766963653d2248545450532220647374636f756e7472793d224765726d61
